ensembl_gene_id,baseMean,log2FoldChange,lfcSE,stat,pvalue,padj,zfin_id_symbol,hgnc_symbol,description,entrezgene
ENSDARG00000001818,652.9151854112163,2.071784290419139,0.5382100223419112,3.8493974552985692,1.1840874120984577e-4,0.002580010115552102,c3b.2,,"complement component c3b, tandem duplicate 2 [Source:ZFIN;Acc:ZDB-GENE-030131-3063]",566347
ENSDARG00000002037,302.26767629180875,2.5873967291955577,0.192914398436905,13.412149378999294,5.132932572943132e-41,2.3218307200450962e-37,pfkfb2b,,"6-phosphofructo-2-kinase/fructose-2,6-biphosphatase 2b [Source:ZFIN;Acc:ZDB-GENE-120222-1]",564852
ENSDARG00000003193,140.75241824040387,3.985917495367145,1.2582474612243766,3.1678327341813386,0.0015357985368795863,0.01833957524213601,rassf7b,,Ras association (RalGDS/AF-6) domain family (N-terminal) member 7b [Source:ZFIN;Acc:ZDB-GENE-030429-1],368288
ENSDARG00000003732,19.12678918553918,2.0435789312053245,0.6942887767013737,2.943413461059454,0.0032461456373164294,0.030881593473568947,mitfa,,microphthalmia-associated transcription factor a [Source:ZFIN;Acc:ZDB-GENE-990910-11],30080
ENSDARG00000004141,263.05235260502707,2.0822832598406453,0.4400148509604194,4.732302228653534,2.219875546755072e-6,1.0938327939206854e-4,zgc:92630,,zgc:92630 [Source:ZFIN;Acc:ZDB-GENE-040718-449],436969
ENSDARG00000004871,30.463446868504526,-2.8505677943896437,0.7449307008360813,-3.826621444370969,1.2991406924139852e-4,0.00277981693853615,mst1rb,,macrophage stimulating 1 receptor b [Source:ZFIN;Acc:ZDB-GENE-071218-3],100134855
ENSDARG00000005616,142.83850238916628,7.272742543779563,2.3523322185028768,3.091715739202961,0.0019900331605652495,0.021987581823402175,bfb,,complement component bfb [Source:ZFIN;Acc:ZDB-GENE-990415-34],30489
ENSDARG00000006878,527.5692341473089,-2.1926947949338698,0.29873385548994535,-7.339960820100855,2.1365639020604e-13,7.434256272753856e-11,phf21aa,,PHD finger protein 21Aa [Source:ZFIN;Acc:ZDB-GENE-050208-99],497383
ENSDARG00000007024,659.4642448500135,3.646741604836381,1.201171420945871,3.0359876544221542,0.0023974918069038873,0.024925637042606367,uox,,urate oxidase [Source:ZFIN;Acc:ZDB-GENE-030826-24],NA
ENSDARG00000007418,115.8389987277048,3.7570455642314213,1.2532586595994966,2.9978213479347184,0.0027191702046498742,0.027308824386574695,chmp4c,,charged multivesicular body protein 4C [Source:ZFIN;Acc:ZDB-GENE-050417-389],550542
ENSDARG00000008275,1499.0019589774192,-2.049594075956216,0.3009018391702079,-6.811503982854834,9.658362308135462e-12,2.4271464480344418e-9,klhl24b,,kelch-like family member 24b [Source:ZFIN;Acc:ZDB-GENE-040426-1185],393412
ENSDARG00000010097,16.686560076784982,5.055824059560712,1.5854284893587682,3.1889322624734446,0.0014279933483137674,0.01729943963800357,f9a,,coagulation factor IXa [Source:ZFIN;Acc:ZDB-GENE-030714-2],359826
ENSDARG00000010478,5852.194703223454,2.943161069055016,0.5841591802530609,5.038286084590886,4.697190004729562e-7,3.0353241810562434e-5,hsp90aa1.1,,"heat shock protein 90, alpha (cytosolic), class A member 1, tandem duplicate 1 [Source:ZFIN;Acc:ZDB-GENE-990415-94]",30591
ENSDARG00000011975,21.026998192631567,2.3587694827380403,0.8383699742148825,2.8135185601643036,0.0049002557242520854,0.041602508902180715,fmn1,,formin 1 [Source:ZFIN;Acc:ZDB-GENE-041001-198],561077
ENSDARG00000013393,75.25399708273005,2.6979855672392614,0.8001049184368975,3.372039722628009,7.461368618558202e-4,0.01076235803864355,guca1b,,guanylate cyclase activator 1B [Source:ZFIN;Acc:ZDB-GENE-011128-6],140431
ENSDARG00000014626,321.6927494227319,5.806207319733094,1.718417136006072,3.378811347998905,7.279994609543031e-4,0.01055459218487402,dlx3b,,distal-less homeobox 3b [Source:ZFIN;Acc:ZDB-GENE-980526-280],30585
ENSDARG00000015876,134.7505157502789,2.5857588983075557,0.8100520316674471,3.1920898870964063,0.0014124736927105988,0.017156776320105056,npas1,,neuronal PAS domain protein 1 [Source:ZFIN;Acc:ZDB-GENE-060503-934],NA
ENSDARG00000016412,762.4734093698345,2.6463110041188633,0.9119693931362806,2.9017541860896756,0.003710795941486173,0.03411669585715153,agt,,angiotensinogen [Source:ZFIN;Acc:ZDB-GENE-030131-1205],322485
ENSDARG00000017799,100.89381536885749,4.944480696205556,0.8784463370302045,5.628665619941614,1.816090718077065e-8,1.9546461986418803e-6,tgm1,,"transglutaminase 1, K polypeptide [Source:ZFIN;Acc:ZDB-GENE-030131-9032]",100334173
ENSDARG00000018065,69.19462388472611,2.267790988138147,0.7703293043475078,2.9439240794026844,0.003240794879251617,0.030853050181050237,ntm,,neurotrimin [Source:ZFIN;Acc:ZDB-GENE-060421-6020],678534
ENSDARG00000018351,588.3981959771995,2.5138551058027407,0.849912551236446,2.9577808942174157,0.0030986228859112954,0.029885524013072824,hpda,,4-hydroxyphenylpyruvate dioxygenase a [Source:ZFIN;Acc:ZDB-GENE-040426-986],394142
ENSDARG00000018478,2434.991399386948,4.598954388344192,1.660288135580062,2.7699736508310564,0.005606082761850298,0.04555974625395911,agxtb,,alanine-glyoxylate aminotransferase b [Source:ZFIN;Acc:ZDB-GENE-010302-3],79378
ENSDARG00000019294,78.7850273438316,6.687971842088241,2.3303305497263667,2.869967028013927,0.0041051460311149306,0.036698058413330584,cbln8,,cerebellin 8 [Source:ZFIN;Acc:ZDB-GENE-080204-13],561171
ENSDARG00000019532,894.2837519120146,3.449503672716651,1.2519671198700282,2.755266985825281,0.005864425972250322,0.04683981592166003,fads2,,fatty acid desaturase 2 [Source:ZFIN;Acc:ZDB-GENE-011212-1],140615
ENSDARG00000019772,75.47291875406383,2.5094641815876138,0.7921244647596495,3.1680175190006894,0.0015348227139505232,0.01833760450154199,si:ch1073-280e3.1,C2,si:ch1073-280e3.1 [Source:ZFIN;Acc:ZDB-GENE-110411-261],563828
ENSDARG00000019808,744.0042717653386,2.2393905796235254,0.7936572642764362,2.821609125779425,0.004778337748346741,0.040936236687256905,evpla,,envoplakin a [Source:ZFIN;Acc:ZDB-GENE-030829-19],373136
ENSDARG00000020143,1187.7080201732444,2.9569639589589762,0.9174916496470191,3.2228783336574134,0.0012690944629492145,0.015919639194965272,pah,,phenylalanine hydroxylase [Source:ZFIN;Acc:ZDB-GENE-031006-2],378962
ENSDARG00000020735,34.70219741609244,2.0309925132710367,0.4649812886934684,4.367901596595076,1.2544598708105583e-5,4.4316518808512303e-4,efcab6,,EF-hand calcium binding domain 6 [Source:ZFIN;Acc:ZDB-GENE-070828-2],NA
ENSDARG00000020741,2451.833874688577,6.9730848680981286,1.9663547082105632,3.5461988821151333,3.908311215201503e-4,0.006586756688093323,fga,,fibrinogen alpha chain [Source:ZFIN;Acc:ZDB-GENE-031010-21],378986
ENSDARG00000020957,31.477943397622624,2.7872241795995873,0.9837920231982117,2.833143707080074,0.00460926592907186,0.039956982567197485,pth1ra,,parathyroid hormone 1 receptor a [Source:ZFIN;Acc:ZDB-GENE-991123-8],30629
ENSDARG00000021004,602.2247239733877,3.950215610937993,1.2501861422975988,3.1597019654035403,0.0015793059918050966,0.018725337444390727,c5,,complement component 5 [Source:ZFIN;Acc:ZDB-GENE-120510-2],565774
ENSDARG00000021787,2384.4196028192328,2.600767308741075,0.8721176553404182,2.9821289510827578,0.0028625140149347687,0.02825180068118619,abcb5,,"ATP-binding cassette, sub-family B (MDR/TAP), member 5 [Source:ZFIN;Acc:ZDB-GENE-030131-6414]",798527
ENSDARG00000023151,16202.502714975224,2.5006201862816044,0.8740915830024,2.86082172041089,0.004225445897370728,0.03745660319967896,ucp1,,uncoupling protein 1 [Source:ZFIN;Acc:ZDB-GENE-010503-1],83908
ENSDARG00000026925,24.770131133604643,2.662545652112604,0.8913334696032584,2.9871487416463003,0.0028159268105208994,0.027970055631774782,nos2a,,"nitric oxide synthase 2a, inducible [Source:ZFIN;Acc:ZDB-GENE-040305-1]",404036
ENSDARG00000028485,202.20519648517978,-4.121232209555275,1.2929685381474327,-3.1874187870496704,0.0014354876415120256,0.01735244467561597,cabp5b,,calcium binding protein 5b [Source:ZFIN;Acc:ZDB-GENE-050522-146],553766
ENSDARG00000029305,170.74396966239354,4.728211477620937,1.2514127570541758,3.7782989273268575,1.5790327123140914e-4,0.0032495889767432035,baiap2l1a,,BAI1-associated protein 2-like 1a [Source:ZFIN;Acc:ZDB-GENE-031201-1],387261
ENSDARG00000029493,128.82177008750892,5.4215455133166595,1.7598204358182543,3.0807378997140877,0.0020648832563209692,0.022539316895854904,f9b,,coagulation factor IXb [Source:ZFIN;Acc:ZDB-GENE-060421-7346],678552
ENSDARG00000030254,47.34483234233677,4.302872292284011,1.5693653344766327,2.7417913456836835,0.00611051438000966,0.04827156958878047,cbln9,,cerebellin 9 [Source:ZFIN;Acc:ZDB-GENE-040724-34],560421
ENSDARG00000030311,32.610763230201115,2.077066550900733,0.7343775659606862,2.828336059236218,0.004679065962456956,0.04035335173617142,tmc2b,,transmembrane channel-like 2b [Source:ZFIN;Acc:ZDB-GENE-060526-262],567304
ENSDARG00000031616,163.6889868012962,2.391212634961175,0.7019648848686866,3.406456201022774,6.581210908240946e-4,0.009754079102993805,g6pca.1,,"glucose-6-phosphatase a, catalytic subunit, tandem duplicate 1 [Source:ZFIN;Acc:ZDB-GENE-031001-4]",445118
ENSDARG00000031929,258.06701931129487,2.5339562212737685,0.3104578727917582,8.161996983640474,3.295304323669711e-16,1.7745213782961394e-13,stard14,,START domain containing 14 [Source:ZFIN;Acc:ZDB-GENE-040426-963],100001416
ENSDARG00000033296,232.20880240620986,-2.648023110007747,0.4260810002262473,-6.2148349928808315,5.137861183844977e-10,8.286666624957103e-8,gpr37b,,G protein-coupled receptor 37b [Source:ZFIN;Acc:ZDB-GENE-041210-264],568430
ENSDARG00000036152,71.28687506518946,4.205343792431898,1.2963605326121852,3.2439616037662526,0.001178796353355536,0.015087563244097811,gas2b,,growth arrest-specific 2b [Source:ZFIN;Acc:ZDB-GENE-030616-552],567205
ENSDARG00000036371,9341.944874203946,2.0923845841018496,0.2617336077474404,7.994329051242414,1.3028138542495105e-15,6.138696029491913e-13,acta1a,,"actin, alpha 1a, skeletal muscle [Source:ZFIN;Acc:ZDB-GENE-050417-267]",550445
ENSDARG00000037815,14.038185989323003,3.3901410850626936,1.1553463398935753,2.9343072012284876,0.0033429316377683867,0.031555544595746075,b4galt5,,"UDP-Gal:betaGlcNAc beta 1,4- galactosyltransferase, polypeptide 5 [Source:ZFIN;Acc:ZDB-GENE-060628-3]",724080
ENSDARG00000038009,51.18574651374708,-3.7985610318412273,1.3131923756328958,-2.892615813437466,0.00382048301378215,0.034827837292507415,,,,NA
ENSDARG00000038405,37.43193611784315,2.3842761916870083,0.8728924976869202,2.73146601443489,0.006305324376433539,0.0492440110180133,zgc:153921,,zgc:153921 [Source:ZFIN;Acc:ZDB-GENE-060929-816],100007703
ENSDARG00000038439,3990.6989095422055,6.931113021036282,1.5005040004048593,4.619189964949217,3.852410386732228e-6,1.724724378080954e-4,fabp10a,,"fatty acid binding protein 10a, liver basic [Source:ZFIN;Acc:ZDB-GENE-020318-1]",171481
ENSDARG00000038703,353.04716237433047,2.5716173557543582,0.5026176784088132,5.116448279128548,3.113426068204569e-7,2.181007143637604e-5,hkdc1,,hexokinase domain containing 1 [Source:ZFIN;Acc:ZDB-GENE-030131-9801],321224
ENSDARG00000039220,29.285695138603565,3.87484556755391,1.2967981347716704,2.9880098248569436,0.002808005275131794,0.027915892442925618,st6galnac5a,,"ST6 (alpha-N-acetyl-neuraminyl-2,3-beta-galactosyl-1,3)-N-acetylgalactosaminide alpha-2,6-sialyltransferase 5a [Source:ZFIN;Acc:ZDB-GENE-070705-488]",563594
ENSDARG00000040161,283.94297314928326,4.404275790018018,0.6324714987966966,6.963595669365871,3.3169572419794084e-12,9.038508667692564e-10,zgc:92287,,zgc:92287 [Source:ZFIN;Acc:ZDB-GENE-040718-350],436879
ENSDARG00000041595,594.3715062786533,4.631597956459122,1.6697766058729684,2.7737829959820863,0.005540862476511716,0.04520840066062968,ces3,,carboxylesterase 3 [Source:ZFIN;Acc:ZDB-GENE-030131-9563],560651
ENSDARG00000041947,248.18921266076916,2.05447251955634,0.5881926214316541,3.4928566675246238,4.7788293929446724e-4,0.007692724866920259,styk1,,serine/threonine/tyrosine kinase 1 [Source:ZFIN;Acc:ZDB-GENE-030131-3435],324714
ENSDARG00000043128,1058.1672179656748,2.7735112508903836,0.9408270595213385,2.9479501283705147,0.0031988866633087146,0.0305787065359481,cldne,,claudin e [Source:ZFIN;Acc:ZDB-GENE-010328-5],81584
ENSDARG00000043237,447.88709264257795,-2.04939371640478,0.20215151775643525,-10.13790912455091,3.750408052418399e-24,6.058784208681923e-21,nfil3-2,,"nuclear factor, interleukin 3 regulated, member 2 [Source:ZFIN;Acc:ZDB-GENE-110929-1]",792516
ENSDARG00000043482,25.702411220767164,-2.9975028674198767,1.0212316309987663,-2.935184121244182,0.0033334982184662215,0.031479636412129655,zgc:86586,B3GNT3 (1 of many),zgc:86586 [Source:ZFIN;Acc:ZDB-GENE-040625-129],494166
ENSDARG00000044976,145.40062766114121,-2.031126568946664,0.5034722360356677,-4.03423748832651,5.4779892974267784e-5,0.0014159506735988735,krt93,,keratin 93 [Source:ZFIN;Acc:ZDB-GENE-060421-4592],678611
ENSDARG00000045306,249.51413276555215,5.509135369224183,1.7724782127182181,3.1081540690847436,0.0018825989731191847,0.02116239611085318,slc51a,,"solute carrier family 51, alpha subunit [Source:ZFIN;Acc:ZDB-GENE-040912-10]",447807
ENSDARG00000045863,143.6245043525259,-3.22597018040299,0.3830970362769711,-8.420765171544375,3.740333109421313e-17,2.226187208836364e-14,asb15b,,ankyrin repeat and SOCS box containing 15b [Source:ZFIN;Acc:ZDB-GENE-041210-265],568579
ENSDARG00000046142,97.61574213888976,2.0052665865327675,0.6451437817387529,3.108247561695926,0.0018820034797919114,0.02116239611085318,si:ch211-170d8.5,,si:ch211-170d8.5 [Source:ZFIN;Acc:ZDB-GENE-081105-120],100000463
ENSDARG00000051914,143.95638456197275,-3.2238241631319537,0.3693920396669412,-8.727378548922397,2.6064351586093024e-18,2.0327497924919514e-15,slc14a2,,"solute carrier family 14 (urea transporter), member 2 [Source:ZFIN;Acc:ZDB-GENE-030131-4833]",326634
ENSDARG00000052734,665.7173303500746,3.515106985330107,1.21471887971834,2.8937617122944235,0.003806569187006917,0.0347289936678239,hmgcra,,3-hydroxy-3-methylglutaryl-CoA reductase a [Source:ZFIN;Acc:ZDB-GENE-040401-2],559054
ENSDARG00000052948,114.07974942332976,3.117329432655797,0.3502911558369162,8.899252466731193,5.622407115033327e-19,5.298415905029531e-16,zgc:195023,,zgc:195023 [Source:ZFIN;Acc:ZDB-GENE-081022-175],567953
ENSDARG00000053455,17.202502520448764,3.361123099905543,0.9956210148423937,3.375906142798329,7.357301311801226e-4,0.010646198577671679,ccdc103,,coiled-coil domain containing 103 [Source:ZFIN;Acc:ZDB-GENE-040718-253],437026
ENSDARG00000053476,74.8991861101156,5.692876272762071,2.0003342105233006,2.845962561062622,0.004427740029894678,0.038784739061242426,lipca,,"lipase, hepatic a [Source:ZFIN;Acc:ZDB-GENE-040426-1361]",393997
ENSDARG00000053569,448.8472891675342,2.0545349687690058,0.6852531690240735,2.9982130132941105,0.0027156778961076084,0.027285867159602743,sox3,,SRY (sex determining region Y)-box 3 [Source:ZFIN;Acc:ZDB-GENE-980526-333],30529
ENSDARG00000053802,56.7946723602782,3.908747787364881,1.39226559801373,2.807472793223707,0.004993189746821802,0.04210699944215835,cbln5,,cerebellin 5 [Source:ZFIN;Acc:ZDB-GENE-070912-577],NA
ENSDARG00000053820,415.55523142599696,-2.1619252087092153,0.25023210865197687,-8.63967945742736,5.637095420813334e-18,3.984193347891724e-15,pcmtd2,,protein-L-isoaspartate (D-aspartate) O-methyltransferase domain containing 2 [Source:ZFIN;Acc:ZDB-GENE-060312-14],556012
ENSDARG00000053973,19394.045397933834,5.251788726066203,1.6471351662787135,3.1884382250980017,0.0014304357042515556,0.01731547233043721,fetub,,fetuin B [Source:ZFIN;Acc:ZDB-GENE-050208-4],569489
ENSDARG00000055036,333.7034921514065,2.607576054182499,0.7636021230348509,3.4148360455298117,6.382041452506405e-4,0.009559114670949494,itih3a,,inter-alpha-trypsin inhibitor heavy chain 3a [Source:ZFIN;Acc:ZDB-GENE-050522-262],553614
ENSDARG00000055514,585.3181847009498,4.283612841568568,1.486744199287303,2.8812036688100036,0.0039615955787819755,0.035696974982196,icn2,,ictacalcin 2 [Source:ZFIN;Acc:ZDB-GENE-070822-9],100005083
ENSDARG00000055798,22.51345609226502,-2.209055045893835,0.7825795068012195,-2.822786728626859,0.004760822976233717,0.04084807786550758,heyl,,hes-related family bHLH transcription factor with YRPW motif-like [Source:ZFIN;Acc:ZDB-GENE-030131-7074],335134
ENSDARG00000055825,531.7607759333215,3.95771049458484,0.9015513939420098,4.3898889416385405,1.1340856554154993e-5,4.1123189120620884e-4,celsr3,,"cadherin, EGF LAG seven-pass G-type receptor 3 [Source:ZFIN;Acc:ZDB-GENE-070122-3]",NA
ENSDARG00000056462,174.09049261152703,4.232459048173716,1.3091212991034002,3.233053385559055,0.0012247467296636482,0.01548356444091824,crp2,,C-reactive protein 2 [Source:ZFIN;Acc:ZDB-GENE-030131-5826],327615
ENSDARG00000056462,174.09049261152703,4.232459048173716,1.3091212991034002,3.233053385559055,0.0012247467296636482,0.01548356444091824,crp2,,C-reactive protein 2 [Source:ZFIN;Acc:ZDB-GENE-030131-5826],100141336
ENSDARG00000056838,14.359702228150674,-3.353110578190821,0.8957077112070737,-3.7435321101256367,1.8145140183278e-4,0.003603058000201298,pimr93,,"Pim proto-oncogene, serine/threonine kinase, related 93 [Source:ZFIN;Acc:ZDB-GENE-141216-82]",NA
ENSDARG00000057262,190.662344971232,2.9925613410047487,0.904948348492782,3.306886349910409,9.433915820041182e-4,0.01290785687246651,si:dkey-91i10.3,,si:dkey-91i10.3 [Source:ZFIN;Acc:ZDB-GENE-081105-124],565876
ENSDARG00000057392,31.72111670384035,-2.5673184292799256,0.6679109204451864,-3.8438036431096476,1.2114194656062949e-4,0.002619376104552349,lrrc31,,leucine rich repeat containing 31 [Source:ZFIN;Acc:ZDB-GENE-091204-286],NA
ENSDARG00000057911,8428.015473238382,3.1773255394512327,0.23338366296439758,13.614172899222728,3.298589318344739e-42,2.4868064871000984e-38,zgc:86709,ACTC1 (1 of many),zgc:86709 [Source:ZFIN;Acc:ZDB-GENE-040625-35],570210
ENSDARG00000059747,372.0281110779435,-3.4778069960979345,0.31662642877515906,-10.98394410583955,4.565459141566202e-28,1.1472998822755865e-24,si:dkey-106c17.3,,si:dkey-106c17.3 [Source:ZFIN;Acc:ZDB-GENE-060503-706],569752
ENSDARG00000059805,41.423473844171966,3.1223317890957194,0.9729524903263844,3.2091307850482083,0.001331369170100049,0.016499493983645377,slc25a38a,,"solute carrier family 25, member 38a [Source:ZFIN;Acc:ZDB-GENE-060929-320]",767662
ENSDARG00000061968,53.63556786557104,2.1437008305729854,0.560499679911904,3.824624540213689,1.3097152797885708e-4,0.00279715113153712,myo1ha,,myosin IHa [Source:ZFIN;Acc:ZDB-GENE-060531-78],556606
ENSDARG00000067851,140.63688552421615,2.337668605144718,0.7615142154883121,3.069763581032713,0.0021422827845131933,0.02312745094860854,lcn15,,lipocalin 15 [Source:ZFIN;Acc:ZDB-GENE-060825-349],751703
ENSDARG00000068934,954.4111813614095,2.0404502553341186,0.2515762341097592,8.110663801589059,5.034397107208563e-16,2.587794531221274e-13,cyp1b1,,"cytochrome P450, family 1, subfamily B, polypeptide 1 [Source:ZFIN;Acc:ZDB-GENE-030902-1]",100150054
ENSDARG00000069630,1329.1041899868915,3.9268690865788667,1.3290806037585567,2.9545755731247048,0.003130994587550685,0.030159158682552742,tat,,tyrosine aminotransferase [Source:ZFIN;Acc:ZDB-GENE-030131-1144],561410
ENSDARG00000069839,40.58935284864469,-2.009232573751984,0.4838027683509004,-4.1529993319399425,3.281456971734463e-5,9.626032727589928e-4,,,,NA
ENSDARG00000069988,176.26420504985413,3.7371813107462644,1.3068382534156637,2.859712210733386,0.004240256138701279,0.03750918230130288,arid5b,,AT rich interactive domain 5B (MRF1-like) [Source:ZFIN;Acc:ZDB-GENE-070112-1882],572528
ENSDARG00000070059,96.58633095260049,2.444690968542885,0.2686754040677678,9.099050123420536,9.112528518924672e-20,9.368093523296331e-17,si:ch211-262i1.5,,si:ch211-262i1.5 [Source:ZFIN;Acc:ZDB-GENE-030131-3152],567573
ENSDARG00000070069,157.087054489405,2.174272604447852,0.6753926268030924,3.2192720473416583,0.0012851649556143686,0.016076645907704742,pitx3,,paired-like homeodomain 3 [Source:ZFIN;Acc:ZDB-GENE-041229-4],402974
ENSDARG00000070078,242.15870333046598,5.432483098226454,1.9831375516168497,2.7393375178627206,0.006156313644812441,0.048468140171692896,abcb11b,,"ATP-binding cassette, sub-family B (MDR/TAP), member 11b [Source:ZFIN;Acc:ZDB-GENE-050517-14]",571189
ENSDARG00000070558,52.87377030880638,-2.9779046406494603,0.6607042700930468,-4.507167238725554,6.569885015303074e-6,2.611442695801575e-4,si:ch211-93g23.2,,si:ch211-93g23.2 [Source:ZFIN;Acc:ZDB-GENE-090312-164],100005086
ENSDARG00000070892,116.16696850062922,4.185933620414714,1.3000024577169527,3.219942851312755,0.0012821615414122054,0.01605533553617993,si:ch211-262h13.5,,si:ch211-262h13.5 [Source:ZFIN;Acc:ZDB-GENE-050208-372],571127
ENSDARG00000071005,179.06190754037297,2.223900857551585,0.5533501758208731,4.018975604828382,5.845172187472682e-5,0.0014904806441813476,ppp1r3ca,,"protein phosphatase 1, regulatory subunit 3Ca [Source:ZFIN;Acc:ZDB-GENE-040718-70]",436649
ENSDARG00000071076,402.00268806261386,2.4976408021824925,0.6993256243853122,3.5714990486411096,3.549438377394125e-4,0.006090868572194455,ldhbb,,lactate dehydrogenase Bb [Source:ZFIN;Acc:ZDB-GENE-040718-176],436747
ENSDARG00000071560,38.64422782767736,3.9085285042795523,1.3106746057297882,2.9820738779807745,0.0028630290118618184,0.02825180068118619,dlx4b,,distal-less homeobox 4b [Source:ZFIN;Acc:ZDB-GENE-990415-50],30581
ENSDARG00000071579,28.9471642642053,4.90733210930832,1.3056098428465353,3.758651281771273,1.7083173607437287e-4,0.003443584113007211,urad,,ureidoimidazoline (2-oxo-4-hydroxy-4-carboxy-5-) decarboxylase [Source:ZFIN;Acc:ZDB-GENE-070112-472],557735
ENSDARG00000071678,393.9100586246745,2.464917105953812,0.48071132671156824,5.127645156222391,2.933887556146831e-7,2.113239963610601e-5,atcaya,,"ataxia, cerebellar, Cayman type a [Source:ZFIN;Acc:ZDB-GENE-070705-185]",565827
ENSDARG00000074210,120.58996594793197,4.660036102059388,0.308794383267164,15.09106497584057,1.8542507640491966e-51,4.193758953050068e-47,zgc:110286,,zgc:110286 [Source:ZFIN;Acc:ZDB-GENE-050417-68],550265
ENSDARG00000074642,96.7894374431055,4.233028801859688,1.284479847062976,3.295519825817983,9.823977133255146e-4,0.013296761868511768,zgc:153932,,zgc:153932 [Source:ZFIN;Acc:ZDB-GENE-070209-223],108179107
ENSDARG00000074712,38.91907232155896,5.69970783802098,2.0901816882856075,2.726895881810136,0.006393320911505561,0.049707026144902466,si:ch211-186e20.2,,si:ch211-186e20.2 [Source:ZFIN;Acc:ZDB-GENE-110407-8],NA
ENSDARG00000074863,113.49665373812819,-2.085274682914401,0.3018406505129503,-6.908528322380268,4.897072304317585e-12,1.287873073334312e-9,si:dkey-112m2.1,,si:dkey-112m2.1 [Source:ZFIN;Acc:ZDB-GENE-091116-15],NA
ENSDARG00000075172,958.8318092927667,-2.0503239827016357,0.24258667004365464,-8.451923522148476,2.865422801458308e-17,1.800201875016182e-14,fbxo25,,F-box protein 25 [Source:ZFIN;Acc:ZDB-GENE-040801-19],403037
ENSDARG00000075177,37.8767093293138,2.303271384125194,0.7296311562989503,3.1567612816981727,0.0015953189098315411,0.01885604605941137,ribc2,,RIB43A domain with coiled-coils 2 [Source:ZFIN;Acc:ZDB-GENE-050411-27],568595
ENSDARG00000075436,101.9603649034341,2.2619508669234234,0.8262668876903869,2.7375547787544963,0.006189781055155404,0.04867673091948879,sytl2b,,synaptotagmin-like 2b [Source:ZFIN;Acc:ZDB-GENE-121214-363],572466
ENSDARG00000075614,16.7508332828676,4.774376486136335,1.6745453924601756,2.851147844443924,0.004356170958341437,0.038359461101591504,apoc4,,apolipoprotein C-IV [Source:ZFIN;Acc:ZDB-GENE-081022-25],NA
ENSDARG00000075766,73.57896392531775,2.2093756054562896,0.7423186891875505,2.9763168267720657,0.0029173330031846785,0.028588093818469617,sccpdha,,saccharopine dehydrogenase a [Source:ZFIN;Acc:ZDB-GENE-040718-51],436632
ENSDARG00000076448,312.8710224161862,5.490633537383456,2.012307042686618,2.7285267212765634,0.0063617935729497485,0.04954159835731162,serpinf2a,,"serpin peptidase inhibitor, clade F (alpha-2 antiplasmin, pigment epithelium derived factor), member 2a [Source:ZFIN;Acc:ZDB-GENE-060822-1]",560308
ENSDARG00000076838,1134.8106605828818,4.375883641948408,1.4201324857965476,3.0813207117742887,0.0020608454451984787,0.022516976538190337,apom,,apolipoprotein M [Source:ZFIN;Acc:ZDB-GENE-010605-5],569714
ENSDARG00000076900,66.5489455288844,2.1884931957428715,0.7536193135830707,2.9039770561846625,0.003684551604166213,0.033958232938641905,prozb,,"protein Z, vitamin K-dependent plasma glycoprotein b [Source:ZFIN;Acc:ZDB-GENE-120816-1]",558106
ENSDARG00000077187,299.19440766288363,2.707754959348153,0.8692799140683759,3.1149402114623874,0.0018398219793597376,0.020836882176854876,impg1a,,interphotoreceptor matrix proteoglycan 1a [Source:ZFIN;Acc:ZDB-GENE-070424-197],NA
ENSDARG00000077382,25.188895686018917,3.1474202346097306,1.1035606606019044,2.8520591091866794,0.004343702262613712,0.03830078521385353,si:rp71-68n21.12,,si:rp71-68n21.12 [Source:ZFIN;Acc:ZDB-GENE-081105-169],NA
ENSDARG00000077540,62.573586944740136,5.085842250811464,1.244839121651124,4.08554178797476,4.397408498632532e-5,0.0011882459738778014,f2rl1.2,,"coagulation factor II (thrombin) receptor-like 1, tandem duplicate 2 [Source:ZFIN;Acc:ZDB-GENE-070615-24]",100073342
ENSDARG00000078322,3478.0217237367087,-2.1980782247658377,0.18813230609473638,-11.683682990942383,1.5445508508936439e-31,4.366638324332693e-28,col12a1a,,"collagen, type XII, alpha 1a [Source:ZFIN;Acc:ZDB-GENE-090728-1]",100149543
ENSDARG00000078674,85.45961230053842,3.7275535458835964,0.8320736712128817,4.479835950643752,7.47004300006167e-6,2.897619729812304e-4,hspb9,,"heat shock protein, alpha-crystallin-related, 9 [Source:ZFIN;Acc:ZDB-GENE-080214-6]",100137108
ENSDARG00000078774,14.043482444973357,-2.671640757898236,0.9076913670577533,-2.943336088519005,0.0032469571242935385,0.030881593473568947,,,,NA
ENSDARG00000078975,34.75626183457606,-2.731653351921123,0.7192882462370164,-3.7977172103282246,1.4603479150912982e-4,0.0030695807430873505,igl1c3,,immunoglobulin light 1 constant 3 [Source:ZFIN;Acc:ZDB-GENE-111021-11],NA
ENSDARG00000079161,1422.97470572728,-2.2125840531654086,0.35016995242024507,-6.318600547742165,2.6394254144518603e-10,4.700463354225018e-8,bsnb,,bassoon (presynaptic cytomatrix protein) b [Source:ZFIN;Acc:ZDB-GENE-120628-1],101175706
ENSDARG00000080385,45.35661237050654,4.412959067749271,0.6054898167579176,7.2882465495098945,3.140149432670443e-13,1.0292863727348899e-10,,,U2 spliceosomal RNA [Source:RFAM;Acc:RF00004],NA
ENSDARG00000080450,23.79965533503859,5.21603659803222,0.7218370552482952,7.226058235868792,4.972145961862748e-13,1.606500360277854e-10,,,Small nucleolar RNA SNORA35 [Source:RFAM;Acc:RF00566],NA
ENSDARG00000081192,49.87070254362458,9.813857553840963,1.2783298484275984,7.677093330733407,1.6273886863327337e-14,6.572616056926328e-12,,,U5 spliceosomal RNA [Source:RFAM;Acc:RF00020],NA
ENSDARG00000082321,71.22328914677396,6.429081802825466,0.7006640919451806,9.175697565686685,4.486600864886486e-20,4.832069131482745e-17,,,U2 spliceosomal RNA [Source:RFAM;Acc:RF00004],NA
ENSDARG00000082472,45.35661237050654,4.412959067749271,0.6054898167579176,7.2882465495098945,3.140149432670443e-13,1.0292863727348899e-10,,,U2 spliceosomal RNA [Source:RFAM;Acc:RF00004],NA
ENSDARG00000082538,88.1283044989284,10.634560460336512,1.232764627343926,8.626594423989426,6.320582130568895e-18,4.331897152941718e-15,,,U5 spliceosomal RNA [Source:RFAM;Acc:RF00020],NA
ENSDARG00000086654,36.56605460712248,3.9061527495992374,1.3596585957085703,2.8728923289479087,0.004067327104961609,0.03641755230915151,cbln11,,cerebellin 11 [Source:ZFIN;Acc:ZDB-GENE-111110-2],100149559
ENSDARG00000086998,188.00000250453323,2.063777535849736,0.29820953449664295,6.920561877182263,4.498557679812327e-12,1.1969868122860634e-9,zgc:64002,NNMT,zgc:64002 [Source:ZFIN;Acc:ZDB-GENE-040426-1329],393330
ENSDARG00000087093,456.33523739403887,7.126966945501014,2.2307483746526953,3.1948771212757734,0.0013989038724472635,0.01704864567005858,si:ch211-157c3.4,,si:ch211-157c3.4 [Source:ZFIN;Acc:ZDB-GENE-030131-8454],561592
ENSDARG00000087143,124.93976688976863,6.208100338596642,2.2768229267619864,2.726650485475203,0.00639807705553963,0.04972691022857038,serpina7,,"serpin peptidase inhibitor, clade A (alpha-1 antiproteinase, antitrypsin), member 7 [Source:ZFIN;Acc:ZDB-GENE-041010-47]",564060
ENSDARG00000087328,35.99210610943092,5.22327591924025,0.8306343876886729,6.288297229993766,3.2096694205943503e-10,5.5414575027162153e-8,,,U4 spliceosomal RNA [Source:RFAM;Acc:RF00015],NA
ENSDARG00000087359,549.3341477047047,6.150795034108598,2.0580982474002814,2.988581833679743,0.0028027543347044037,0.02788633454798378,c3a.2,,"complement component c3a, duplicate 2 [Source:ZFIN;Acc:ZDB-GENE-990415-36]",30491
ENSDARG00000087574,58.93922689576962,-3.537604347799631,1.2624329233520628,-2.8022117313024766,0.005075355179001016,0.04246114466557257,nox1,,NADPH oxidase 1 [Source:ZFIN;Acc:ZDB-GENE-070404-1],555604
ENSDARG00000087983,44.754061947715606,3.718263130383954,1.3225910373941623,2.811347593667253,0.004933445698039185,0.04185286622376303,igsf5a,,"immunoglobulin superfamily, member 5a [Source:ZFIN;Acc:ZDB-GENE-091204-182]",561211
ENSDARG00000089586,111.48366591367301,2.1941157945327148,0.6124215343325929,3.5826888369035332,3.400756106372082e-4,0.00593725897534454,ncam3,,neural cell adhesion molecule 3 [Source:ZFIN;Acc:ZDB-GENE-131127-340],566122
ENSDARG00000090253,35.325097693682665,-3.3369946530887398,1.1203994861345603,-2.9783971649269088,0.002897602447992927,0.02845639364579072,zgc:113223,,zgc:113223 [Source:ZFIN;Acc:ZDB-GENE-050320-127],541424
ENSDARG00000090601,69.18564575114915,2.075228481886256,0.744494781437705,2.787431871421249,0.00531276240083906,0.04388559065733273,,,,NA
ENSDARG00000090943,86.81624303959867,3.427553114310396,0.8732937915200699,3.924856843816946,8.678133006330168e-5,0.002015126634539727,,,,100002960
ENSDARG00000091119,142.8398190687241,-2.461643991707794,0.6766586473469991,-3.6379406386946416,2.748267446683703e-4,0.00499257548928878,fbxo40.2,,"F-box protein 40, tandem duplicate 2 [Source:ZFIN;Acc:ZDB-GENE-120215-105]",566344
ENSDARG00000091136,60.96054540550639,6.144489992055299,2.1825625288720216,2.815264126811,0.004873715944857468,0.041454995684408184,zgc:174259,,zgc:174259 [Source:ZFIN;Acc:ZDB-GENE-080213-10],556938
ENSDARG00000091136,60.96054540550639,6.144489992055299,2.1825625288720216,2.815264126811,0.004873715944857468,0.041454995684408184,zgc:174259,,zgc:174259 [Source:ZFIN;Acc:ZDB-GENE-080213-10],791587
ENSDARG00000091136,60.96054540550639,6.144489992055299,2.1825625288720216,2.815264126811,0.004873715944857468,0.041454995684408184,zgc:174259,,zgc:174259 [Source:ZFIN;Acc:ZDB-GENE-080213-10],100137107
ENSDARG00000091715,223.7687397723415,3.8667645990083495,1.115111580741676,3.467603301578584,5.251218649200194e-4,0.008186538541650914,si:dkey-162h11.2,,si:dkey-162h11.2 [Source:ZFIN;Acc:ZDB-GENE-121214-90],NA
ENSDARG00000092091,29.04891569628977,21.532769627320924,2.4738870643417745,8.704022886772373,3.2032240610352247e-18,2.414910619614456e-15,si:dkey-286h2.7,,si:dkey-286h2.7 [Source:ZFIN;Acc:ZDB-GENE-030131-4664],325939
ENSDARG00000092726,205.30762151619734,-3.3994929656679265,0.3527327140606813,-9.637589115375063,5.547553271359136e-22,6.970500685462754e-19,si:dkey-184p9.7,,si:dkey-184p9.7 [Source:ZFIN;Acc:ZDB-GENE-091204-97],NA
ENSDARG00000092858,80.57079745047542,2.313847226134387,0.7214446963867833,3.207241300300418,0.0013401453448772152,0.01658099959796935,si:ch1073-126c3.2,,si:ch1073-126c3.2 [Source:ZFIN;Acc:ZDB-GENE-030131-4602],555816
ENSDARG00000093079,112.71688539253874,2.1011786839620417,0.7370319829236189,2.850864999951832,0.004360047669327393,0.03837011600668391,,PROC (1 of many),"protein C, inactivator of coagulation factors Va and VIIIa [Source:HGNC Symbol;Acc:HGNC:9451]",NA
ENSDARG00000093180,38.261899929289534,-2.145093074044805,0.3552951039079179,-6.037496859514142,1.5652320783487779e-9,2.1988108022369135e-7,,,,NA
ENSDARG00000093272,48.41299567539473,-2.278056631700344,0.4582321731937254,-4.971402631602773,6.647024490509703e-7,4.008953410716212e-5,igic1s1,,"immunoglobulin light iota constant 1, s1 [Source:ZFIN;Acc:ZDB-GENE-051013-12]",NA
ENSDARG00000093494,696.1924658088716,6.5572463467591104,2.2113439977421354,2.9652764804816902,0.00302411012609153,0.029298128140456233,si:ch211-217k17.9,,si:ch211-217k17.9 [Source:ZFIN;Acc:ZDB-GENE-061207-21],NA
ENSDARG00000093546,18.209256352177277,4.6365721520752325,1.3712111225505128,3.3813699989911146,7.212535235816595e-4,0.01048367027175218,,,,798290
ENSDARG00000093619,89.94618632537531,4.491494674148851,1.3007008620605267,3.4531342333652146,5.541131941327722e-4,0.008525427286871367,sult3st2,,"sulfotransferase family 3, cytosolic sulfotransferase 2 [Source:ZFIN;Acc:ZDB-GENE-030131-1135]",322415
ENSDARG00000094386,50.087169338120596,-3.997047518668112,0.995939158860583,-4.013345075457205,5.9864298509607794e-5,0.0015178821069414792,adgrg4b,,adhesion G protein-coupled receptor G4b [Source:ZFIN;Acc:ZDB-GENE-091204-201],NA
ENSDARG00000094508,23.896353853858958,3.9974611116942107,0.6479391794404256,6.169500531124704,6.850604625402668e-10,1.0398666094814238e-7,,,,NA
ENSDARG00000094584,32.485907238385316,3.1233362534452023,0.7053728950150264,4.427922132418579,9.514523577567648e-6,3.545139699404407e-4,,,,NA
ENSDARG00000094820,42.182454003404295,2.3243058677113706,0.5043222868731387,4.608770875707988,4.05056407680058e-6,1.7963060338235042e-4,si:dkey-58f10.4,,si:dkey-58f10.4 [Source:ZFIN;Acc:ZDB-GENE-060526-318],NA
ENSDARG00000094840,170.90666447450116,-2.488379585931945,0.295341740173584,-8.425424677424282,3.594441512471884e-17,2.1971752347993676e-14,si:dkey-21e2.13,GZMM (1 of many),si:dkey-21e2.13 [Source:ZFIN;Acc:ZDB-GENE-050208-379],556666
ENSDARG00000094965,2315.009888115697,-2.0852645326975985,0.2748189953896601,-7.587774381246629,3.254469435990389e-14,1.2475650039626208e-11,nfil3-5,,"nuclear factor, interleukin 3 regulated, member 5 [Source:ZFIN;Acc:ZDB-GENE-030131-7677]",335737
ENSDARG00000095252,65.38289080907307,3.185953652884368,0.5267374143208694,6.048466591256037,1.4623093687470335e-9,2.0670656870594785e-7,si:dkey-40h20.1,,si:dkey-40h20.1 [Source:ZFIN;Acc:ZDB-GENE-091113-44],NA
ENSDARG00000095277,52.04627668089954,2.4016596197979125,0.5033480073806653,4.7713700751409105,1.829769937903664e-6,9.341739658141573e-5,,,,NA
ENSDARG00000095963,107.02081166867438,2.134344676813239,0.7123995434064543,2.9959938865310365,0.0027355191795237124,0.0274243073064219,si:ch73-361h17.1,,si:ch73-361h17.1 [Source:ZFIN;Acc:ZDB-GENE-080917-52],101882127
ENSDARG00000096271,510.47124883107506,2.4405464639471903,0.7313828259665883,3.3368933167411856,8.472046106372474e-4,0.011871887657238307,march7,,membrane-associated ring finger (C3HC4) 7 [Source:ZFIN;Acc:ZDB-GENE-080204-121],561242
ENSDARG00000096712,176.3517596541277,4.594317806468201,1.5317548379193031,2.9993819459444344,0.002705279388596813,0.027241898455874495,si:dkey-193p11.2,,si:dkey-193p11.2 [Source:ZFIN;Acc:ZDB-GENE-030131-8407],NA
ENSDARG00000096729,29.027058683941114,4.144827756426981,0.5822067354176821,7.1191683370915175,1.0858023115718414e-12,3.2312619580026763e-10,,,,NA
ENSDARG00000096876,18.618776842811336,-5.787146377275965,1.0807807392404047,-5.354597993061287,8.574684104032343e-8,7.402046961103034e-6,,,,NA
ENSDARG00000097217,57.584414794011984,-2.1899132693030854,0.49489089090366967,-4.4250425892954075,9.642325837808839e-6,3.5868500571335944e-4,si:dkey-229e3.2,,si:dkey-229e3.2 [Source:ZFIN;Acc:ZDB-GENE-131121-296],561960
ENSDARG00000097504,328.8921945831949,7.083927912689357,2.3164427018628606,3.058106253607107,0.002227405827609375,0.023762847925962848,,,,NA
ENSDARG00000097677,29.831569986865595,-2.4395929957697065,0.6606045046806194,-3.692970572383804,2.216496803688662e-4,0.004226097730239372,,,,NA
ENSDARG00000097774,24.683892486437074,2.230290922844293,0.7190578579460598,3.1016849314670845,0.0019242264000699878,0.02156602006460997,,,,NA
ENSDARG00000097807,45.504655735377895,3.20617602351379,0.8095147842767064,3.960614538224249,7.475712428884663e-5,0.0018044630523381476,,,,NA
ENSDARG00000097929,30.77304873667426,3.505994783806706,0.6936769568857284,5.054218320220574,4.3215704374715405e-7,2.8591669997948304e-5,,,,NA
ENSDARG00000097996,44.28376735233662,4.689690873142238,0.5609514805383197,8.360243329140971,6.258902796689254e-17,3.629682168018483e-14,,,,NA
ENSDARG00000098213,58.329070420319326,-3.5195232722128655,0.396184024142901,-8.88355677598801,6.475590612077447e-19,5.858337314934225e-16,,,,NA
ENSDARG00000098330,35.01129668810703,-2.209403986256458,0.6701693499039908,-3.2967845911977016,9.779847715894671e-4,0.0132570998218723,spef2,,sperm flagellar 2 [Source:ZFIN;Acc:ZDB-GENE-060526-47],553375
ENSDARG00000098995,449.981487807749,22.02608643262386,2.507423419877977,8.784350603894316,1.5727044635676287e-18,1.3174021056484836e-15,cyp2k6,,"cytochrome P450, family 2, subfamily K, polypeptide 6 [Source:ZFIN;Acc:ZDB-GENE-040426-1571]",393481
ENSDARG00000100167,26.73152968915555,2.8500473249998635,0.8353399494319753,3.4118412832259173,6.452567171006406e-4,0.00963285225786481,,CSDC2 (1 of many),cold shock domain containing C2 [Source:HGNC Symbol;Acc:HGNC:30359],557375
ENSDARG00000100339,165.67271358691195,3.4451633683727443,0.5095906522393852,6.760648676016815,1.3737527554380521e-11,3.3771919641024374e-9,arf4b,,ADP-ribosylation factor 4b [Source:ZFIN;Acc:ZDB-GENE-050417-205],108179046
ENSDARG00000100621,69.26331531375982,3.808713726017787,0.9568510649198535,3.9804666218737053,6.878012236280369e-5,0.0016908695950864467,,,,NA
ENSDARG00000100764,182.7445388259304,-5.149814428291153,0.3554534647020899,-14.488013030361875,1.44255659112718e-47,1.6313151210761716e-43,zfyve9b,,"zinc finger, FYVE domain containing 9b [Source:ZFIN;Acc:ZDB-GENE-110825-2]",101882992
ENSDARG00000100798,76.77020219576643,2.1332858077629147,0.39262764150101653,5.4333561427498,5.5303871960269194e-8,5.12626095133364e-6,,,,NA
ENSDARG00000100824,22.2912073810767,2.5583968998821582,0.7684451649543659,3.329316152355632,8.705951949801122e-4,0.012109625784049937,,,,NA
ENSDARG00000100941,25.438966723653632,2.2911239763198408,0.7787833733038712,2.941927183935749,0.0032617661464128442,0.030983353604964004,clca5.2,,"chloride channel accessory 5, tandem duplicate 2 [Source:ZFIN;Acc:ZDB-GENE-131126-1]",101886445
ENSDARG00000100969,228.18495265900825,3.7206607497165605,1.3083855594246279,2.8437036184905224,0.004459250648746899,0.039000337170420965,tmprss13a,,"transmembrane protease, serine 13a [Source:ZFIN;Acc:ZDB-GENE-090309-3]",559754
ENSDARG00000101125,26.59662123636117,3.7176597324995697,1.3396507881823572,2.775096140945584,0.005518539154913687,0.04510762561137798,,,,NA
ENSDARG00000101473,169.01296773468985,4.889109919742401,1.4555035706717963,3.3590504470461746,7.821078858739615e-4,0.01110812632553345,si:ch211-25g7.5,,si:ch211-25g7.5 [Source:ZFIN;Acc:ZDB-GENE-131121-401],NA
ENSDARG00000101770,47.385801534920596,7.882468283077062,1.1198408786307754,7.0389181476523,1.937381301392955e-12,5.477219111700557e-10,,,ACEA small nucleolar RNA U3 [Source:RFAM;Acc:RF01848],NA
ENSDARG00000101840,77.78642680831106,5.433019858852688,0.5242698343922614,10.363022059338387,3.6523643781250154e-25,7.509593194550316e-22,,,Small nucleolar RNA U3 [Source:RFAM;Acc:RF00012],NA
ENSDARG00000102267,81.8680086161705,4.611783617266884,1.2728947644448612,3.623067472728737,2.9112984004921996e-4,0.005225780628883498,znf750,,zinc finger protein 750 [Source:ZFIN;Acc:ZDB-GENE-050417-313],550483
ENSDARG00000102755,294.8521443809077,2.9169684008438126,0.5228024603105542,5.579484838520232,2.4123197035694468e-8,2.4912983897548027e-6,,EML6,echinoderm microtubule associated protein like 6 [Source:HGNC Symbol;Acc:HGNC:35412],NA
ENSDARG00000103322,152.91202657406444,3.7180667633978977,1.3292772433999196,2.797058914427905,0.0051570128734379035,0.04297574066269163,si:ch73-347e22.8,,si:ch73-347e22.8 [Source:ZFIN;Acc:ZDB-GENE-030131-8455],100000389
ENSDARG00000103471,25.20434339570713,-2.4017515775086884,0.6553207454944703,-3.665001595053204,2.473370414836152e-4,0.004596566858861894,si:dkey-199m13.4,,si:dkey-199m13.4 [Source:ZFIN;Acc:ZDB-GENE-110913-41],799713
ENSDARG00000103471,25.20434339570713,-2.4017515775086884,0.6553207454944703,-3.665001595053204,2.473370414836152e-4,0.004596566858861894,si:dkey-199m13.4,,si:dkey-199m13.4 [Source:ZFIN;Acc:ZDB-GENE-110913-41],100191016
ENSDARG00000103788,14.517560329974284,3.2049754622423285,0.999132999982587,3.207756587259339,0.0013377466903650645,0.01656038144279511,,,,NA
ENSDARG00000104205,14.568490987315561,6.191151278808576,1.6650238765650176,3.718355854200159,2.005236620693523e-4,0.003908380175556749,cfhl3,,complement factor H like 3 [Source:ZFIN;Acc:ZDB-GENE-050208-423],100526816
ENSDARG00000104357,37.28035721129832,-2.622231419577985,0.4872911534802342,-5.381241585959449,7.397383812504859e-8,6.535415222164937e-6,,TMEM229A,transmembrane protein 229A [Source:HGNC Symbol;Acc:HGNC:37279],794725
ENSDARG00000104690,25.7372261075084,-2.184515259288237,0.7722143577489187,-2.828897491178894,0.004670865726989773,0.04032098097226247,,,,NA
ENSDARG00000104989,324.66364437280356,2.878025520456292,0.2817701037402223,10.214091141158413,1.7147855608166866e-24,2.983331156076231e-21,wnk2,,WNK lysine deficient protein kinase 2 [Source:ZFIN;Acc:ZDB-GENE-160114-3],103911868
ENSDARG00000105027,64.57579194528041,2.1926519373699653,0.6851577335324991,3.2002148265410497,0.001373251897000673,0.01686147565388937,,,,103910098
ENSDARG00000105052,43.567528873482765,6.452419076939731,2.0102838962735206,3.2097053997699687,0.0013287107651596523,0.016481624053132922,cfhl5,,complement factor H like 5 [Source:ZFIN;Acc:ZDB-GENE-050208-782],101884308
ENSDARG00000105151,37.67772945057237,3.909432778068485,1.3192964737860409,2.9632708460513206,0.0030438860748651865,0.029445496730207837,cyp2k21,,"cytochrome P450, family 2, subfamily k, polypeptide 21 [Source:ZFIN;Acc:ZDB-GENE-091113-17]",564107
ENSDARG00000105162,38.24204916925295,-2.483307969768186,0.5213455996957808,-4.763266384558081,1.9048411147950112e-6,9.659594505228424e-5,,,,NA
ENSDARG00000105212,96.10801439063628,3.9079193530103975,0.9390163174894717,4.161716128063145,3.158648528382128e-5,9.350674576756359e-4,cfhl1,,complement factor H like 1 [Source:ZFIN;Acc:ZDB-GENE-050208-342],570905
ENSDARG00000105341,2078.2238493590316,5.998691452177367,0.7202906353976106,8.328154160807609,8.211254453343687e-17,4.642848549281854e-14,si:dkey-9l20.3,,si:dkey-9l20.3 [Source:ZFIN;Acc:ZDB-GENE-090313-369],NA
ENSDARG00000105456,15.932954016143956,2.0267101436755137,0.61240822087814,3.3094104138076204,9.34926802494203e-4,0.012810485768193124,,,,NA
ENSDARG00000105578,51.4997755556908,2.1424237463981215,0.48208027240290163,4.444122419113589,8.825134664223147e-6,3.3266345116789154e-4,amfrb,,"autocrine motility factor receptor, E3 ubiquitin protein ligase b [Source:ZFIN;Acc:ZDB-GENE-130530-643]",101884807
ENSDARG00000105674,59.7913047265266,3.733339089540461,0.9865146060571646,3.78437284822535,1.5409666452523922e-4,0.0031828349420706258,si:ch73-56d11.5,,si:ch73-56d11.5 [Source:ZFIN;Acc:ZDB-GENE-161017-12],100537622
ENSDARG00000105674,59.7913047265266,3.733339089540461,0.9865146060571646,3.78437284822535,1.5409666452523922e-4,0.0031828349420706258,ms4a17a.10,,si:ch73-56d11.5 [Source:ZFIN;Acc:ZDB-GENE-161017-12],100537622
